CA,Property,Google Places ID
CVC,Island Lake CA,ChIJd8UnymYAK4gRc6-GeCf43CQ
CVC,Limehouse CA,ChIJzSme5BhzK4gRTMBFac8Z4PU
CVC,Meadowvale CA,ChIJtXWdUgJAK4gRZgqeISAdMAA
CVC,Rattray Marsh CA,ChIJa4vlaFJEK4gRXfylGnDlCI8
CVC,Silver Creek CA,ChIJrXS51N8MK4gR4QZ8g9_u9Ww
CVC,Terra Cotta CA,ChIJ63sxzc0NK4gRXVwm3T5GRCQ
CVC,Upper Credit CA,ChIJlaz_TB8HK4gRL0mEx4KxZe0
CH,Rattlesnake Point,ChIJ_ysg-4FvK4gRmAN_OsDn43I
CH,Hilton Falls,ChIJk7RjO0F6K4gRkkRvBSE8EC8
CH,Mount Nemo,ChIJyxtKZ4FkK4gRs_ha_XIyYtQ
CH,Crawford Lake,ChIJD51cZeV6K4gRAdvlWSRwAJU
CH,Robert Edmondson,ChIJw4vjZ5V5K4gR7ZoKeQ3Hyrw
CH,Mountsberg,ChIJk7RjO0F6K4gRCHsEEc6BPjw
CH,Kelso,ChIJPSqgxnJwK4gRV5xg1cRa11Y
CH,Glen Eden,ChIJPSqgxnJwK4gR8Z5jQ6SR5pI
TRCA,Albion Hills,ChIJY13N5goeK4gRqTtIzm6LaEE
TRCA,Altona Forest,ChIJxYewPxTZ1IkRjBXK-SD2T5k
TRCA,Bond lake,ChIJccaoo8bVKogR4awdw152rPM
TRCA,Claireville Conservation Area,ChIJmU4MxZ08K4gReUyzXJnPKww
TRCA,Nashville conservation reserve,ChIJxe3XIVwhK4gRiu4YqbN5LZA
TRCA,Oak Ridges corridor conservation reserve,ChIJWa9ZJw_WKogR-ojYB8MlPNQ
TRCA,Palgrave forest and wildlife area,ChIJMWB9VXLiKogRvvX4DrWrgYM
TRCA,Petticoat Creek conservation park,ChIJkVAqiv_b1IkRgrNu5syqU-I
TRCA,Tommy Thompson park,ChIJlQx0rVXK1IkRW1YiBCI5e74
TRCA,West Duffins Headwaters,ChIJ8RpCGnsv1YkRSSkYN_gVfIE
TRCA,Rouge National Urban Park,ChIJh_F4_I_X1IkRXvfHJmZvbYI
